{
  "generated_at": "2026-03-04T22:17:50.924918+00:00",
  "config": {
    "sample_size": 120,
    "seed_start": 40,
    "seed_count": 12,
    "threshold_min": 0.55,
    "threshold_max": 0.9,
    "threshold_step": 0.02,
    "vendor_daily_capacity": 60,
    "positive_labels": [
      "phishing",
      "brand abuse"
    ],
    "min_precision": 0.65,
    "min_recall": 0.75,
    "max_overflow_ratio": 0.15
  },
  "evaluated_runs": 12,
  "total_domains": 1440,
  "recommendation": {
    "threshold": 0.69,
    "selection_mode": "best-effort",
    "rationale": [
      "No evaluated threshold satisfied all policy guardrails.",
      "Selected best tradeoff using weighted score (F1, precision, recall, overflow penalty).",
      "Chosen threshold keeps overflow ratio at 0.003."
    ]
  },
  "thresholds": [
    {
      "threshold": 0.55,
      "true_positive": 724,
      "false_positive": 461,
      "true_negative": 168,
      "false_negative": 87,
      "case_volume": 1185,
      "case_rate": 0.8229166666666666,
      "precision": 0.6109704641350211,
      "recall": 0.8927250308261405,
      "f1": 0.7254509018036072,
      "false_positive_rate": 0.7329093799682035,
      "vendor_overflow": 465,
      "vendor_overflow_ratio": 0.6458333333333334
    },
    {
      "threshold": 0.57,
      "true_positive": 709,
      "false_positive": 448,
      "true_negative": 181,
      "false_negative": 102,
      "case_volume": 1157,
      "case_rate": 0.8034722222222223,
      "precision": 0.6127917026793431,
      "recall": 0.87422934648582,
      "f1": 0.7205284552845529,
      "false_positive_rate": 0.712241653418124,
      "vendor_overflow": 437,
      "vendor_overflow_ratio": 0.6069444444444444
    },
    {
      "threshold": 0.59,
      "true_positive": 683,
      "false_positive": 434,
      "true_negative": 195,
      "false_negative": 128,
      "case_volume": 1117,
      "case_rate": 0.7756944444444445,
      "precision": 0.6114592658907789,
      "recall": 0.842170160295931,
      "f1": 0.7085062240663901,
      "false_positive_rate": 0.6899841017488076,
      "vendor_overflow": 397,
      "vendor_overflow_ratio": 0.5513888888888889
    },
    {
      "threshold": 0.61,
      "true_positive": 615,
      "false_positive": 401,
      "true_negative": 228,
      "false_negative": 196,
      "case_volume": 1016,
      "case_rate": 0.7055555555555556,
      "precision": 0.6053149606299213,
      "recall": 0.7583230579531443,
      "f1": 0.6732348111658456,
      "false_positive_rate": 0.6375198728139905,
      "vendor_overflow": 296,
      "vendor_overflow_ratio": 0.4111111111111111
    },
    {
      "threshold": 0.63,
      "true_positive": 593,
      "false_positive": 378,
      "true_negative": 251,
      "false_negative": 218,
      "case_volume": 971,
      "case_rate": 0.6743055555555556,
      "precision": 0.6107106076210093,
      "recall": 0.7311960542540074,
      "f1": 0.6655443322109988,
      "false_positive_rate": 0.6009538950715422,
      "vendor_overflow": 251,
      "vendor_overflow_ratio": 0.3486111111111111
    },
    {
      "threshold": 0.65,
      "true_positive": 564,
      "false_positive": 334,
      "true_negative": 295,
      "false_negative": 247,
      "case_volume": 898,
      "case_rate": 0.6236111111111111,
      "precision": 0.6280623608017817,
      "recall": 0.6954377311960542,
      "f1": 0.6600351082504389,
      "false_positive_rate": 0.5310015898251192,
      "vendor_overflow": 178,
      "vendor_overflow_ratio": 0.24722222222222223
    },
    {
      "threshold": 0.67,
      "true_positive": 532,
      "false_positive": 259,
      "true_negative": 370,
      "false_negative": 279,
      "case_volume": 791,
      "case_rate": 0.5493055555555556,
      "precision": 0.672566371681416,
      "recall": 0.655980271270037,
      "f1": 0.6641697877652933,
      "false_positive_rate": 0.4117647058823529,
      "vendor_overflow": 71,
      "vendor_overflow_ratio": 0.09861111111111111
    },
    {
      "threshold": 0.69,
      "true_positive": 504,
      "false_positive": 218,
      "true_negative": 411,
      "false_negative": 307,
      "case_volume": 722,
      "case_rate": 0.5013888888888889,
      "precision": 0.6980609418282548,
      "recall": 0.6214549938347719,
      "f1": 0.6575342465753425,
      "false_positive_rate": 0.3465818759936407,
      "vendor_overflow": 2,
      "vendor_overflow_ratio": 0.002777777777777778
    },
    {
      "threshold": 0.71,
      "true_positive": 453,
      "false_positive": 158,
      "true_negative": 471,
      "false_negative": 358,
      "case_volume": 611,
      "case_rate": 0.42430555555555555,
      "precision": 0.7414075286415712,
      "recall": 0.5585696670776819,
      "f1": 0.6371308016877638,
      "false_positive_rate": 0.25119236883942764,
      "vendor_overflow": 0,
      "vendor_overflow_ratio": 0.0
    },
    {
      "threshold": 0.73,
      "true_positive": 401,
      "false_positive": 70,
      "true_negative": 559,
      "false_negative": 410,
      "case_volume": 471,
      "case_rate": 0.32708333333333334,
      "precision": 0.851380042462845,
      "recall": 0.49445129469790383,
      "f1": 0.6255850234009361,
      "false_positive_rate": 0.11128775834658187,
      "vendor_overflow": 0,
      "vendor_overflow_ratio": 0.0
    },
    {
      "threshold": 0.75,
      "true_positive": 348,
      "false_positive": 27,
      "true_negative": 602,
      "false_negative": 463,
      "case_volume": 375,
      "case_rate": 0.2604166666666667,
      "precision": 0.928,
      "recall": 0.42909987669543775,
      "f1": 0.5868465430016864,
      "false_positive_rate": 0.04292527821939587,
      "vendor_overflow": 0,
      "vendor_overflow_ratio": 0.0
    },
    {
      "threshold": 0.77,
      "true_positive": 288,
      "false_positive": 21,
      "true_negative": 608,
      "false_negative": 523,
      "case_volume": 309,
      "case_rate": 0.21458333333333332,
      "precision": 0.9320388349514563,
      "recall": 0.35511713933415534,
      "f1": 0.5142857142857143,
      "false_positive_rate": 0.033386327503974564,
      "vendor_overflow": 0,
      "vendor_overflow_ratio": 0.0
    },
    {
      "threshold": 0.79,
      "true_positive": 213,
      "false_positive": 10,
      "true_negative": 619,
      "false_negative": 598,
      "case_volume": 223,
      "case_rate": 0.15486111111111112,
      "precision": 0.9551569506726457,
      "recall": 0.2626387176325524,
      "f1": 0.4119922630560929,
      "false_positive_rate": 0.01589825119236884,
      "vendor_overflow": 0,
      "vendor_overflow_ratio": 0.0
    },
    {
      "threshold": 0.81,
      "true_positive": 71,
      "false_positive": 0,
      "true_negative": 629,
      "false_negative": 740,
      "case_volume": 71,
      "case_rate": 0.049305555555555554,
      "precision": 1.0,
      "recall": 0.08754623921085081,
      "f1": 0.16099773242630386,
      "false_positive_rate": 0.0,
      "vendor_overflow": 0,
      "vendor_overflow_ratio": 0.0
    },
    {
      "threshold": 0.83,
      "true_positive": 13,
      "false_positive": 0,
      "true_negative": 629,
      "false_negative": 798,
      "case_volume": 13,
      "case_rate": 0.009027777777777777,
      "precision": 1.0,
      "recall": 0.016029593094944512,
      "f1": 0.03155339805825243,
      "false_positive_rate": 0.0,
      "vendor_overflow": 0,
      "vendor_overflow_ratio": 0.0
    },
    {
      "threshold": 0.85,
      "true_positive": 1,
      "false_positive": 0,
      "true_negative": 629,
      "false_negative": 810,
      "case_volume": 1,
      "case_rate": 0.0006944444444444445,
      "precision": 1.0,
      "recall": 0.0012330456226880395,
      "f1": 0.0024630541871921183,
      "false_positive_rate": 0.0,
      "vendor_overflow": 0,
      "vendor_overflow_ratio": 0.0
    },
    {
      "threshold": 0.87,
      "true_positive": 0,
      "false_positive": 0,
      "true_negative": 629,
      "false_negative": 811,
      "case_volume": 0,